,city,state,20th_x,40th_x,Median_x,60th_x,80th_x,95th_x,Unnamed: 0.1,20th_y,40th_y,Median_y,60th_y,80th_y,95th_y,20th % of Median,40th % of Median,60th % of Median,80th % of Median,95th % of Median,murders,murdersper100k,rapes,rapesper100k,robberies,robberiesper100k,assaults,assaultsper100k,burglaries,burglariesper100k,thefts,theftsper100k,autothefts,autotheftsper100k,arson,arsonper100k,crime index,income inequality
0,Cullman,Alabama,17305.0,31810.0,39297.0,47828.0,78207.0,139702.0,7,15091,33146,40129,49040,80061,131531,0.3760621994069127,0.8259861945226644,1.2220588601759326,1.9950908320665848,3.27770440329936,1.0,6.4,8.0,51.2,1.0,6.4,12.0,76.9,70.0,448.3,505.0,3234.5,39.0,249.8,,,251.8,122397.0
1,Madison,Alabama,24061.0,46450.0,60150.0,76350.0,121085.0,210362.0,24,40628,73617,95423,114173,161961,239435,0.4257673726460078,0.7714806702786541,1.1964935078545005,1.6972952013665468,2.5091958961675904,2.0,4.1,22.0,45.1,24.0,49.2,129.0,264.5,143.0,293.2,723.0,1482.3,65.0,133.3,,,202.4,186301.0
2,Mobile,Alabama,17111.0,33781.0,44263.0,55527.0,89956.0,157215.0,26,14981,29156,38759,49862,82995,154654,0.3865166799969039,0.7522381898397792,1.2864624990324829,2.1413091153022523,3.9901442245671968,50.0,20.1,142.0,57.2,440.0,177.1,1207.0,485.8,3023.0,1216.8,9267.0,3730.2,1259.0,506.8,57.0,22.9,511.2,140104.0
3,Montgomery,Alabama,17284.0,35129.0,45358.0,57619.0,94332.0,172950.0,27,16615,33458,43440,54827,90248,164783,0.3824815837937385,0.7702117863720074,1.2621316758747698,2.0775322283609583,3.793347145488029,38.0,19.1,52.0,26.1,346.0,173.8,841.0,422.4,2129.0,1069.3,5827.0,2926.7,844.0,423.9,,,421.5,155666.0
4,Talladega,Alabama,15719.0,29386.0,37923.0,47230.0,76967.0,134401.0,38,13108,22333,29074,36143,57608,123938,0.4508495563046021,0.7681433583270276,1.2431381990782142,1.981426704271858,4.262846529545298,1.0,6.5,5.0,32.6,21.0,136.8,109.0,709.8,217.0,1413.1,560.0,3646.8,54.0,351.7,,,495.0,118682.0
5,Tuscaloosa,Alabama,18828.0,37232.0,48022.0,60053.0,94862.0,166466.0,41,14793,30055,40542,51995,86876,184545,0.3648808642888856,0.7413299787874303,1.2824971634354496,2.142864190222485,4.5519461299393225,9.0,8.9,54.0,53.4,168.0,166.1,243.0,240.3,814.0,805.0,3161.0,3125.9,199.0,196.8,,,355.5,147638.0
6,Yuma,Arizona,19196.0,32940.0,41467.0,51171.0,80597.0,135979.0,60,19437,35081,44216,54660,83883,147374,0.4395920028948797,0.7934005789759363,1.2362040890175503,1.897118690066944,3.333046860864845,5.0,5.2,49.0,51.3,90.0,94.2,347.0,363.3,502.0,525.5,1874.0,1961.9,219.0,229.3,34.0,35.6,286.0,116783.0
7,Benton,Arkansas,27410.0,47507.0,59016.0,71533.0,112593.0,214321.0,63,26173,44092,55128,70978,106380,174824,0.4747678130895371,0.7998113481352489,1.287512697721666,1.9296909011754464,3.171237846466405,0.0,0.0,16.0,43.6,20.0,54.5,108.0,294.3,228.0,621.2,1079.0,2939.9,123.0,335.1,2.0,5.4,298.0,186911.0
8,Conway,Arkansas,14888.0,29006.0,38266.0,50223.0,81622.0,144250.0,70,19042,35688,47190,60417,93596,165089,0.4035176944267853,0.7562619198982835,1.2802924348378897,1.9833863106590381,3.4983894892985803,1.0,1.5,41.0,61.8,63.0,95.0,210.0,316.7,331.0,499.3,1835.0,2767.8,148.0,223.2,8.0,12.1,307.9,129362.0
9,Marion,Arkansas,15737.0,28103.0,33726.0,41828.0,61833.0,112915.0,80,31557,54802,67178,77325,109647,171098,0.4697520021435589,0.8157730209294709,1.1510464735478878,1.6321861323647622,2.5469350084849207,1.0,8.1,7.0,56.7,19.0,153.8,106.0,857.9,81.0,655.6,309.0,2500.8,23.0,186.1,1.0,8.1,440.0,97178.0
10,Searcy,Arkansas,14439.0,29234.0,35542.0,42114.0,72393.0,122013.0,88,14727,30111,39313,49073,82755,154754,0.3746089079948109,0.7659298450894106,1.2482639330501362,2.105028870856968,3.9364586777910615,1.0,4.3,12.0,52.1,11.0,47.8,55.0,238.8,440.0,1910.5,735.0,3191.4,15.0,65.1,3.0,13.0,379.1,107574.0
11,Fresno,California,18645.0,35076.0,45963.0,58727.0,96858.0,175682.0,101,16609,31652,41842,53777,89356,168023,0.3969456526934659,0.7564647961378519,1.2852397112948712,2.1355575737297454,4.015654127431767,56.0,10.6,174.0,33.1,958.0,182.0,1786.0,339.3,3649.0,693.2,13782.0,2618.3,2789.0,529.9,217.0,41.2,365.8,157037.0
12,Orange,California,32202.0,61353.0,78145.0,97221.0,154161.0,250001.0,111,34950,62802,79192,94617,147380,250001,0.44133245782402253,0.7930346499646429,1.1947797757349228,1.8610465703606425,3.1568971613294265,4.0,2.8,12.0,8.5,64.0,45.3,138.0,97.8,489.0,346.5,1754.0,1242.8,341.0,241.6,19.0,13.5,138.9,217799.0
13,Riverside,California,24572.0,45691.0,57972.0,72172.0,112688.0,194454.0,116,24205,46769,58979,72907,110644,191524,0.4104003119754489,0.7929771613625188,1.236151850658709,1.8759897590667864,3.2473253191814035,12.0,3.7,166.0,50.6,544.0,165.8,947.0,288.7,1673.0,510.0,6629.0,2020.9,1730.0,527.4,73.0,22.3,314.0,169882.0
14,Sacramento,California,23265.0,45228.0,57509.0,72126.0,113734.0,197963.0,118,20085,40406,52071,65805,104727,185908,0.3857233392867431,0.7759789518157901,1.2637552572449156,2.0112346603675757,3.570279042077164,39.0,7.8,99.0,19.8,1100.0,220.0,2140.0,428.0,2888.0,577.6,9077.0,1815.4,2718.0,543.6,209.0,41.8,339.6,174698.0
15,Boulder,Colorado,28368.0,55378.0,72282.0,91056.0,148663.0,250001.0,127,19371,45530,60569,80375,141093,250001,0.3198170681371659,0.7517046674041176,1.3269989598639569,2.329458964156582,4.127540491010253,0.0,0.0,52.0,47.6,30.0,27.5,176.0,161.2,559.0,512.0,2497.0,2286.9,219.0,200.6,19.0,17.4,221.9,221633.0
16,Broomfield,Colorado,37950.0,68619.0,83334.0,99072.0,147913.0,250001.0,129,37950,68619,83334,99072,147913,250001,0.4553963568291454,0.8234214126286991,1.1888544891640866,1.7749418004655964,2.9999880000959998,1.0,1.5,23.0,33.7,7.0,10.3,53.0,77.8,197.0,289.0,1400.0,2054.1,193.0,283.2,9.0,13.2,173.6,212051.0
17,Denver,Colorado,22775.0,44387.0,56258.0,72013.0,118994.0,233118.0,131,22775,44387,56258,72013,118994,233118,0.404831312879946,0.7889900103096449,1.2800490596892886,2.115148067830353,4.1437306694159055,59.0,8.3,699.0,98.9,1232.0,174.4,2784.0,394.0,4331.0,612.9,16021.0,2267.3,5560.0,786.8,129.0,18.3,423.5,210343.0
18,Montrose,Colorado,19758.0,34999.0,43890.0,54594.0,83122.0,129362.0,144,18543,32697,41547,52497,81596,127547,0.4463138132717164,0.7869882301971262,1.26355693551881,1.9639444484559656,3.0699448817002435,1.0,5.2,7.0,36.2,4.0,20.7,32.0,165.4,132.0,682.3,735.0,3799.2,79.0,408.4,2.0,10.3,311.0,109604.0
19,Pueblo,Colorado,17578.0,33753.0,42000.0,53274.0,84700.0,140939.0,146,15074,28140,35770,44947,73370,129839,0.4214145932345541,0.786692759295499,1.2565557729941292,2.051160190103438,3.6298294660329886,10.0,9.0,199.0,179.5,219.0,197.5,739.0,666.5,1376.0,1241.1,4234.0,3818.8,1228.0,1107.6,50.0,45.1,682.4,123361.0
20,Decatur,Georgia,10796.0,23970.0,33514.0,44259.0,74797.0,136257.0,186,22504,60054,81598,113129,178056,250001,0.2757910733106204,0.7359739209294346,1.3864187847741367,2.182112306674183,3.063812838549965,0.0,0.0,2.0,8.6,27.0,115.5,11.0,47.1,63.0,269.5,441.0,1886.4,27.0,115.5,1.0,4.3,154.5,125461.0
21,Gooding,Idaho,20698.0,33455.0,40704.0,51750.0,78038.0,135803.0,212,13667,22344,27055,35186,61230,114582,0.5051561633709111,0.8258732212160413,1.3005359452966179,2.263167621511736,4.235150619109222,0.0,0.0,1.0,28.7,1.0,28.7,12.0,344.7,13.0,373.5,13.0,373.5,3.0,86.2,0.0,0.0,148.5,115105.0
22,Jerome,Idaho,20942.0,35632.0,44447.0,52642.0,76564.0,126703.0,216,19321,29168,38196,47361,63053,104926,0.5058383076761964,0.7636401717457325,1.2399465912661012,1.6507749502565714,2.7470415750340353,0.0,0.0,8.0,70.3,4.0,35.1,15.0,131.8,60.0,527.2,172.0,1511.4,18.0,158.2,2.0,17.6,203.2,105761.0
23,Payette,Idaho,18978.0,35596.0,45670.0,53745.0,86687.0,139577.0,225,17860,34873,45047,53961,76642,119563,0.3964747929939841,0.7741470020201123,1.197882211912003,1.7013785601704885,2.654183408440073,0.0,0.0,2.0,27.0,0.0,0.0,16.0,216.1,24.0,324.1,108.0,1458.5,12.0,162.1,4.0,54.0,158.8,120599.0
24,Champaign,Illinois,17013.0,36778.0,48899.0,61787.0,100725.0,186288.0,240,14838,34533,45198,58389,98963,205009,0.32828886233904153,0.7640382317801673,1.291849196867118,2.1895437851232358,4.535798044161246,5.0,5.7,83.0,94.8,109.0,124.5,437.0,499.2,446.0,509.5,2054.0,2346.3,123.0,140.5,10.0,11.4,365.2,169275.0
25,DeKalb,Illinois,22037.0,42274.0,56076.0,68221.0,105657.0,166432.0,242,13357,31092,38647,52328,89153,151752,0.3456154423370507,0.8045126400496805,1.3539990167412737,2.3068543483323416,3.926617848733408,1.0,2.3,40.0,92.9,30.0,69.7,118.0,274.1,156.0,362.4,1130.0,2625.3,37.0,86.0,7.0,16.3,292.0,144395.0
26,Peoria,Illinois,21394.0,40732.0,51632.0,65138.0,102067.0,181543.0,250,17541,35250,46547,60109,98043,192867,0.3768449094463661,0.7572990740541818,1.2913614196403636,2.1063226416310394,4.143489376329302,12.0,10.5,65.0,56.9,281.0,246.2,509.0,445.9,1119.0,980.2,3357.0,2940.7,334.0,292.6,44.0,38.5,439.2,160149.0
27,Elkhart,Indiana,22520.0,41037.0,49692.0,59712.0,88102.0,147791.0,261,15842,28376,35555,43176,66571,115477,0.4455632119251863,0.7980874701167205,1.2143439741245956,1.8723386302910985,3.247841372521445,5.0,9.6,,,71.0,135.7,471.0,900.1,334.0,638.3,1314.0,2511.0,189.0,361.2,,,471.9,125271.0
28,Franklin,Indiana,22942.0,41381.0,52128.0,65078.0,94483.0,150823.0,264,25306,44442,53207,63737,99565,152063,0.4756141109252542,0.8352660364237788,1.1979062905256828,1.8712763358204747,2.8579510214821364,0.0,0.0,8.0,31.9,7.0,27.9,112.0,446.9,76.0,303.3,755.0,3012.8,20.0,79.8,0.0,0.0,271.4,127881.0
29,Lawrence,Indiana,21097.0,37097.0,46044.0,57355.0,86496.0,135859.0,274,21603,39482,48650,61534,98887,158200,0.44404933196300106,0.811551901336074,1.2648304213771842,2.0326207605344297,3.25179856115108,3.0,7.3,3.0,7.3,114.0,276.5,20.0,48.5,222.0,538.4,674.0,1634.7,167.0,405.0,0.0,0.0,248.5,114762.0
30,Marion,Indiana,18209.0,34571.0,43369.0,54326.0,88300.0,158193.0,276,15780,26006,31588,37461,61747,104616,0.4995567937191338,0.8232873243003672,1.1859250348233503,1.9547613017601624,3.3118905913638086,0.0,0.0,10.0,35.2,32.0,112.7,55.0,193.8,152.0,535.5,821.0,2892.4,84.0,295.9,6.0,21.1,277.6,139984.0
31,Boone,Iowa,24658.0,43837.0,54513.0,65959.0,97761.0,154906.0,291,23201,36889,48135,58032,80538,145680,0.4819985457567258,0.7663654305598837,1.2056092240573388,1.6731692115923964,3.0264880024929885,0.0,0.0,1.0,7.9,1.0,7.9,62.0,491.8,43.0,341.1,104.0,824.9,14.0,111.0,0.0,0.0,172.8,130248.0
32,Carroll,Iowa,22212.0,39984.0,53785.0,66558.0,94252.0,159097.0,293,20298,32993,45170,61932,89709,155125,0.4493690502545938,0.7304184193048483,1.3710870046491035,1.9860305512508305,3.434248394952402,0.0,0.0,0.0,0.0,1.0,10.1,1.0,10.1,53.0,534.3,103.0,1038.3,12.0,121.0,2.0,20.2,93.6,136885.0
33,Clinton,Iowa,20925.0,39340.0,50067.0,62325.0,96640.0,150635.0,294,18604,33991,42497,55442,87984,140723,0.4377720780290373,0.7998446949196414,1.304609737157917,2.070357907617008,3.3113631550462386,0.0,0.0,32.0,125.3,21.0,82.2,242.0,947.8,277.0,1084.9,874.0,3423.2,104.0,407.3,11.0,43.1,560.0,129710.0
34,Dubuque,Iowa,24631.0,44824.0,56154.0,68373.0,99994.0,166568.0,301,20885,37451,48021,58073,87630,136675,0.4349138918389871,0.7798879656816808,1.2093250869411298,1.824826638345724,2.846150642427272,2.0,3.4,40.0,68.2,16.0,27.3,108.0,184.1,333.0,567.5,1210.0,2062.2,63.0,107.4,15.0,25.6,237.2,141937.0
35,Keokuk,Iowa,20717.0,35732.0,45227.0,56247.0,86358.0,137383.0,306,14686,27197,34847,43288,70115,118028,0.4214423049329928,0.7804689069360347,1.2422303211180303,2.012081384337246,3.3870347519155164,1.0,9.6,5.0,48.2,3.0,28.9,81.0,780.6,202.0,1946.8,400.0,3855.1,54.0,520.4,2.0,19.3,554.7,116666.0
36,Marion,Iowa,25942.0,47174.0,57412.0,69311.0,98085.0,150891.0,307,28698,53011,67308,81659,111960,181785,0.4263683366018898,0.7875883995958876,1.2132138824508232,1.6633981101800677,2.7007933678017477,1.0,2.6,11.0,28.2,13.0,33.3,43.0,110.1,141.0,361.1,446.0,1142.1,36.0,92.2,10.0,25.6,138.0,124949.0
37,Muscatine,Iowa,25560.0,44502.0,55971.0,67764.0,99118.0,158179.0,309,21582,40911,50059,61822,91243,146417,0.4311312651071735,0.8172556383467509,1.23498272038994,1.8227092031402945,2.9248886314149303,0.0,0.0,18.0,75.2,6.0,25.1,170.0,710.1,84.0,350.9,358.0,1495.4,37.0,154.6,13.0,54.3,306.4,132619.0
38,Atchison,Kansas,18846.0,35254.0,46103.0,55003.0,83771.0,132611.0,323,16748,29572,41696,50228,80808,134309,0.40166922486569456,0.7092287029930928,1.2046239447429008,1.938027628549501,3.221148311588641,1.0,9.4,4.0,37.6,1.0,9.4,31.0,291.7,47.0,442.2,294.0,2766.3,27.0,254.0,3.0,28.2,272.0,113765.0
39,Leavenworth,Kansas,28826.0,53653.0,66046.0,80468.0,116419.0,188201.0,336,20638,44179,55702,69795,104404,166152,0.3705073426447884,0.7931313058777064,1.2530070733546372,1.8743312627912825,2.9828731463861264,3.0,8.3,25.0,68.9,40.0,110.2,190.0,523.6,231.0,636.6,900.0,2480.4,142.0,391.4,8.0,22.0,384.5,159375.0
40,McPherson,Kansas,29194.0,46115.0,56783.0,68300.0,100531.0,158838.0,340,30241,44078,54057,66848,97726,154644,0.5594280111733909,0.8153985607784375,1.2366206041770724,1.8078324731302144,2.8607580886841673,1.0,7.6,5.0,38.0,6.0,45.6,15.0,113.9,93.0,706.2,283.0,2149.0,24.0,182.2,0.0,0.0,232.0,129644.0
41,Ottawa,Kansas,27847.0,40939.0,52241.0,64738.0,90795.0,146096.0,345,20374,37085,42404,52084,78627,132156,0.4804735402320536,0.8745637204037355,1.2282803509102915,1.8542354494858972,3.1165927742665787,0.0,0.0,9.0,73.0,5.0,40.5,33.0,267.6,29.0,235.1,293.0,2375.5,19.0,154.0,5.0,40.5,247.9,118249.0
42,Pratt,Kansas,20950.0,38758.0,48995.0,60928.0,95180.0,156080.0,348,18963,32029,42283,53875,76207,140250,0.448478111770688,0.7574911903128917,1.2741527327767659,1.802308256273207,3.3169358843979846,0.0,0.0,1.0,14.6,0.0,0.0,9.0,131.3,96.0,1400.6,207.0,3020.1,10.0,145.9,0.0,0.0,268.5,135130.0
43,Shawnee,Kansas,22573.0,41038.0,52088.0,63905.0,97437.0,160045.0,350,34218,63859,79048,96739,138552,235299,0.43287622710252,0.8078509260196336,1.2238007286711872,1.752757818034612,2.9766597510373445,0.0,0.0,18.0,27.4,14.0,21.3,85.0,129.4,114.0,173.6,839.0,1277.3,138.0,210.1,9.0,13.7,134.3,137472.0
44,Wichita,Kansas,23532.0,41177.0,57596.0,67972.0,97179.0,173819.0,353,20289,36859,46775,58223,93740,166460,0.4337573490112239,0.7880064136825227,1.2447461250668093,2.004061998931053,3.5587386424371994,35.0,8.9,382.0,97.7,599.0,153.2,2982.0,762.5,3281.0,839.0,15890.0,4063.1,2478.0,633.6,100.0,25.6,566.4,150287.0
45,Franklin,Kentucky,23754.0,41089.0,50999.0,61698.0,93470.0,155431.0,367,14352,25832,31367,41296,58682,99067,0.4575509293206236,0.8235406637549016,1.3165428635189849,1.8708196512258104,3.1583192527178245,1.0,11.3,6.0,67.5,7.0,78.8,10.0,112.6,46.0,517.8,155.0,1744.7,23.0,258.9,0.0,0.0,249.4,131677.0
46,Henderson,Kentucky,16770.0,32445.0,41630.0,53010.0,85602.0,145757.0,370,14158,27135,34793,44989,73445,124508,0.4069209323714541,0.7798982553962004,1.2930474520736928,2.1109131147069813,3.5785359123961715,2.0,6.9,14.0,48.5,23.0,79.7,30.0,104.0,125.0,433.3,479.0,1660.5,69.0,239.2,0.0,0.0,213.3,128987.0
47,Lafayette,Louisiana,20355.0,40981.0,52435.0,68100.0,112353.0,210295.0,402,17999,36911,47940,61475,105748,216810,0.3754484772632457,0.7699415936587399,1.2823320817688777,2.20584063412599,4.522528160200251,22.0,17.1,21.0,16.3,175.0,136.0,503.0,390.9,1011.0,785.6,4555.0,3539.5,297.0,230.8,26.0,20.2,381.2,189940.0
48,Natchitoches,Louisiana,10258.0,21752.0,30697.0,40838.0,76725.0,151224.0,406,5800,15181,21406,29309,62183,151284,0.2709520695132206,0.7091936840138279,1.3691955526487902,2.9049331963001026,7.067364290385872,1.0,5.5,0.0,0.0,20.0,109.4,196.0,1072.0,249.0,1361.8,908.0,4966.1,25.0,136.7,6.0,32.8,563.1,140966.0
49,Worcester,Massachusetts,25723.0,51938.0,67005.0,84144.0,130450.0,224614.0,463,15852,34004,45599,58310,97173,168673,0.3476392026140924,0.7457181078532424,1.278756113072655,2.131033575297704,3.69905041777232,5.0,2.7,42.0,22.7,324.0,175.0,974.0,526.2,866.0,467.8,2784.0,1504.0,397.0,214.5,7.0,3.8,291.4,198891.0
50,Jackson,Michigan,20085.0,37992.0,47709.0,60050.0,90995.0,155516.0,471,11011,21801,28697,37686,62002,113468,0.3836986444576088,0.7596961354845454,1.3132383175941735,2.1605742760567312,3.9540021605045834,7.0,21.3,58.0,176.7,55.0,167.6,251.0,764.7,211.0,642.9,1052.0,3205.2,108.0,329.0,16.0,48.7,586.8,135431.0
51,Kalamazoo,Michigan,20703.0,38856.0,49693.0,62256.0,99312.0,178965.0,472,13643,27377,34767,43764,73610,141409,0.39241234503983663,0.7874421146489488,1.2587798774700147,2.117237610377657,4.067333966117295,10.0,13.1,130.0,170.5,152.0,199.3,621.0,814.3,710.0,931.0,2132.0,2795.6,332.0,435.3,46.0,60.3,597.1,158262.0
52,Midland,Michigan,24005.0,44121.0,54852.0,68446.0,107133.0,211971.0,476,21138,42328,54612,69082,109658,213962,0.3870577894968139,0.7750677506775068,1.2649600820332527,2.0079469713616054,3.9178568812715153,1.0,2.4,25.0,59.3,1.0,2.4,26.0,61.7,54.0,128.2,444.0,1053.9,10.0,23.7,0.0,0.0,118.3,187966.0
53,Muskegon,Michigan,18859.0,34753.0,43920.0,53937.0,83625.0,141643.0,477,12610,22246,27359,35281,58474,108036,0.4609086589422128,0.8131145144193866,1.289557366862824,2.137285719507292,3.94882853905479,3.0,7.8,29.0,75.6,55.0,143.3,142.0,370.0,395.0,1029.3,1467.0,3822.8,197.0,513.4,20.0,52.1,459.1,122784.0
54,Saginaw,Michigan,18524.0,34519.0,43712.0,54044.0,86590.0,149064.0,482,10603,21713,28871,36148,56624,97554,0.3672543382633092,0.7520695507602785,1.2520522323438743,1.961276020920647,3.378961587752416,15.0,30.9,50.0,102.9,75.0,154.4,622.0,1280.1,383.0,788.2,455.0,936.4,75.0,154.4,19.0,39.1,551.4,130540.0
55,Faribault,Minnesota,21054.0,39190.0,49101.0,59254.0,88572.0,157413.0,503,20577,38628,50481,61877,89121,160694,0.4076187080287633,0.7651987876626851,1.2257483013410986,1.7654365008617103,3.1832570670153126,0.0,0.0,17.0,71.7,7.0,29.5,45.0,189.8,94.0,396.4,415.0,1750.1,32.0,134.9,9.0,38.0,212.7,136359.0
56,Ramsey,Minnesota,24156.0,45380.0,57717.0,72026.0,114278.0,203317.0,516,50394,78229,88286,102153,139827,203615,0.5708039779806537,0.8860861291711031,1.1570690709738805,1.5837958453208891,2.306311306435901,0.0,0.0,6.0,22.5,2.0,7.5,6.0,22.5,41.0,153.9,360.0,1351.2,17.0,63.8,1.0,3.8,94.7,179161.0
57,Winona,Minnesota,22106.0,41725.0,52840.0,64557.0,98096.0,163702.0,524,17865,34781,43701,55760,88627,152207,0.4088007139424727,0.7958856776732798,1.2759433422576143,2.0280313951625817,3.482918011029496,1.0,3.7,25.0,92.3,1.0,3.7,22.0,81.3,38.0,140.4,564.0,2083.4,16.0,59.1,1.0,3.7,196.5,141596.0
58,Grenada,Mississippi,14172.0,26801.0,33026.0,41803.0,76734.0,146523.0,539,13124,23334,30826,39457,75369,145448,0.4257445013949264,0.7569584117303575,1.2799909167585803,2.444981509115681,4.718354635697139,3.0,20.5,0.0,0.0,22.0,150.2,68.0,464.3,212.0,1447.4,408.0,2785.6,20.0,136.5,0.0,0.0,402.5,132351.0
59,Jackson,Mississippi,20036.0,38586.0,49158.0,60437.0,93506.0,162214.0,543,12740,25415,32866,41856,71877,139646,0.3876346376194244,0.7732915474958925,1.2735349601411794,2.1869713381610176,4.248950282967201,60.0,35.6,,,542.0,321.9,591.0,351.0,2006.0,1191.2,4696.0,2788.6,747.0,443.6,75.0,44.5,519.3,142178.0
60,Madison,Mississippi,26742.0,51847.0,65924.0,83278.0,132177.0,250001.0,545,48024,84264,100978,122612,176366,250001,0.4755887421022401,0.8344787973618015,1.2142446869615164,1.7465784626354257,2.4757967081938643,0.0,0.0,2.0,11.1,1.0,5.5,10.0,55.4,13.0,72.1,253.0,1402.4,7.0,38.8,0.0,0.0,85.9,223259.0
61,Missoula,Montana,19139.0,36979.0,46371.0,58450.0,93675.0,171307.0,576,16856,33178,42389,54251,88479,163627,0.3976503338130175,0.7827030597560688,1.279836750100262,2.0873103871287357,3.860128807001817,2.0,2.7,71.0,96.9,45.0,61.4,234.0,319.2,325.0,443.4,2843.0,3878.4,174.0,237.4,23.0,31.4,370.4,152168.0
62,Kearney,Nebraska,26294.0,44515.0,55068.0,65663.0,101220.0,183000.0,596,22662,41345,51333,64034,98136,162359,0.4414703991584361,0.8054273079695323,1.2474236845693802,1.9117526737186603,3.1628582003779244,0.0,0.0,20.0,59.8,7.0,20.9,49.0,146.4,114.0,340.6,594.0,1774.7,35.0,104.6,3.0,9.0,186.5,156706.0
63,Lincoln,Nebraska,22791.0,42827.0,52179.0,61559.0,95377.0,151922.0,598,22245,40420,51126,63673,99507,169265,0.4351015139068185,0.7905957829675703,1.2454132926495325,1.946309118648046,3.3107420881743144,10.0,3.6,222.0,79.0,191.0,67.9,583.0,207.4,1261.0,448.5,7117.0,2531.5,352.0,125.2,,,274.8,129131.0
64,Seward,Nebraska,27420.0,50532.0,61563.0,74795.0,107700.0,174469.0,609,24000,46068,61338,72690,101757,167354,0.3912745769343637,0.7510515504255111,1.185072874889954,1.658955296879585,2.7283902311780626,0.0,0.0,1.0,13.9,0.0,0.0,0.0,0.0,11.0,152.7,39.0,541.4,7.0,97.2,0.0,0.0,51.2,147049.0
65,Wayne,Nebraska,21563.0,41413.0,55141.0,68916.0,103038.0,172775.0,613,16140,33641,42500,60309,100667,179044,0.37976470588235295,0.7915529411764706,1.4190352941176472,2.368635294117647,4.2128,0.0,0.0,6.0,111.4,0.0,0.0,2.0,37.1,24.0,445.6,88.0,1633.9,2.0,37.1,0.0,0.0,196.1,151212.0
66,York,Nebraska,24052.0,43926.0,55156.0,66951.0,97355.0,166422.0,614,20846,37448,50539,64074,89429,139250,0.4124735352895784,0.7409723184075664,1.2678129761174541,1.7695047389145018,2.7552978887591757,0.0,0.0,0.0,0.0,0.0,0.0,0.0,0.0,24.0,304.7,201.0,2552.1,9.0,114.3,,,132.6,142370.0
67,Elko,Nevada,36187.0,61519.0,74672.0,89263.0,124479.0,196951.0,616,35598,63163,76826,89372,124275,202031,0.4633587587535471,0.8221565615807148,1.1633040897612787,1.6176164319371047,2.629721708796501,2.0,9.6,21.0,100.9,11.0,52.9,47.0,225.9,192.0,922.8,414.0,1989.7,59.0,283.6,0.0,0.0,327.9,160764.0
68,Delaware,Ohio,42570.0,75306.0,94234.0,113774.0,168026.0,250001.0,633,27435,46409,58472,73224,109447,176136,0.4691989328225475,0.7936961280612943,1.2522916951703378,1.8717847858804213,3.0123135859898755,0.0,0.0,35.0,89.0,8.0,20.3,21.0,53.4,119.0,302.7,556.0,1414.2,22.0,56.0,11.0,28.0,170.2,207431.0
69,Fairfield,Ohio,25689.0,48755.0,61473.0,75891.0,114575.0,187082.0,638,29713,49558,60336,69944,102225,163588,0.4924588968443384,0.8213670114028109,1.1592415804826306,1.6942621320604614,2.7112834791832405,1.0,2.3,11.0,25.8,12.0,28.2,66.0,154.8,99.0,232.2,782.0,1834.5,51.0,119.6,2.0,4.7,164.0,161393.0
70,Hamilton,Ohio,18557.0,38132.0,50399.0,64036.0,106575.0,207126.0,641,17472,31939,40401,50136,79706,139248,0.4324645429568575,0.7905497388678498,1.2409593821935099,1.9728719586148855,3.4466473602138565,3.0,4.8,75.0,120.8,111.0,178.8,123.0,198.1,716.0,1153.1,1890.0,3043.8,2.0,3.2,33.0,53.1,402.3,188569.0
71,Lorain,Ohio,22726.0,43121.0,53459.0,66165.0,102289.0,174189.0,647,14342,28498,35753,45467,75451,123308,0.4011411629793304,0.7970799653175957,1.2716974799317542,2.1103403910161385,3.4488854082174925,2.0,3.1,30.0,47.1,87.0,136.6,254.0,398.9,590.0,926.6,1335.0,2096.7,94.0,147.6,11.0,17.3,325.3,151463.0
72,Marion,Ohio,19674.0,34420.0,43557.0,54157.0,85197.0,136742.0,649,15663,27671,34932,45533,68368,113686,0.4483854345585709,0.7921390129394251,1.3034753234856291,1.9571739379365625,3.2544944463529144,3.0,8.3,40.0,110.4,28.0,77.3,29.0,80.0,316.0,872.2,649.0,1791.3,30.0,82.8,11.0,30.4,283.4,117068.0
73,Warren,Ohio,36692.0,62604.0,76200.0,94141.0,145131.0,250001.0,661,11232,21261,29176,36813,58181,103331,0.3849739511927612,0.7287153825061694,1.2617562380038387,1.994139018371264,3.541643816835756,11.0,27.7,32.0,80.7,101.0,254.8,83.0,209.4,494.0,1246.1,1008.0,2542.7,106.0,267.4,2.0,5.0,448.7,213309.0
74,Choctaw,Oklahoma,12023.0,22858.0,30870.0,40452.0,67071.0,114310.0,672,32854,58223,68907,81829,118587,194700,0.4767875542397724,0.8449504404487207,1.1875281176077903,1.7209717445252295,2.8255474770342635,0.0,0.0,2.0,15.9,1.0,8.0,15.0,119.5,73.0,581.4,132.0,1051.3,12.0,95.6,2.0,15.9,129.4,102287.0
75,Muskogee,Oklahoma,16134.0,31556.0,41117.0,51878.0,80072.0,141341.0,688,14957,28930,36232,47113,73796,129934,0.4128118790019872,0.7984654449105762,1.3003146389931552,2.0367630823581364,3.5861669242658425,1.0,2.6,32.0,83.8,49.0,128.3,379.0,992.2,543.0,1421.5,1058.0,2769.7,110.0,288.0,12.0,31.4,542.5,125207.0
76,Okmulgee,Oklahoma,16886.0,30261.0,38712.0,48097.0,77984.0,131272.0,692,13450,22256,28717,35904,57837,106192,0.4683636870146603,0.7750113173381621,1.2502698749869416,2.01403349932096,3.697879304941324,1.0,8.2,22.0,180.6,5.0,41.0,61.0,500.7,89.0,730.5,384.0,3151.9,25.0,205.2,6.0,49.2,467.0,114386.0
77,Tulsa,Oklahoma,21438.0,40081.0,50654.0,62913.0,101551.0,191469.0,700,18344,34345,43045,54208,90237,190098,0.4261586711580904,0.7978859333255895,1.2593332558949937,2.096341038448136,4.41626205134162,70.0,17.3,423.0,104.5,964.0,238.1,2757.0,681.0,5574.0,1376.7,13054.0,3224.3,3460.0,854.6,144.0,35.6,619.5,170031.0
78,Woodward,Oklahoma,22616.0,44349.0,58569.0,73290.0,103633.0,174606.0,702,21641,43096,55013,68939,100554,179990,0.3933797466053478,0.7833784741788304,1.2531401668696491,1.8278225146783489,3.271772126588261,0.0,0.0,12.0,94.8,0.0,0.0,26.0,205.5,108.0,853.4,221.0,1746.3,18.0,142.2,2.0,15.8,257.9,151990.0
79,Indiana,Pennsylvania,18341.0,35028.0,45118.0,55879.0,87470.0,154079.0,736,8043,18869,28103,38525,64635,126643,0.2861972031455716,0.6714229797530513,1.3708500871793048,2.2999323915596204,4.506387218446429,2.0,14.3,8.0,57.2,4.0,28.6,107.0,765.2,43.0,307.5,196.0,1401.6,4.0,28.6,0.0,0.0,315.9,135738.0
80,Dickson,Tennessee,20074.0,38395.0,47137.0,57777.0,92498.0,150494.0,753,16555,31929,40488,50674,83047,140435,0.4088865836791148,0.7886040308239478,1.251580715273661,2.0511509583086345,3.46855858525983,1.0,6.4,12.0,76.7,12.0,76.7,150.0,959.3,108.0,690.7,773.0,4943.4,55.0,351.7,1.0,6.4,563.3,130420.0
81,Franklin,Tennessee,18258.0,35862.0,44837.0,53302.0,82899.0,156442.0,756,37256,73343,88961,108077,162767,250001,0.4187902564044919,0.8244399231123751,1.2148806780499322,1.829644450939176,2.8102314497364014,2.0,3.2,14.0,22.5,9.0,14.5,79.0,127.2,115.0,185.1,921.0,1482.4,30.0,48.3,8.0,12.9,130.4,138184.0
82,Jackson,Tennessee,13589.0,23671.0,32676.0,40854.0,61947.0,107096.0,761,14776,30963,39747,50889,84681,164982,0.37175132714418696,0.7790021888444411,1.280323043248547,2.13050041512567,4.150803834251642,7.0,10.4,28.0,41.8,91.0,135.8,529.0,789.2,497.0,741.4,2271.0,3388.0,149.0,222.3,16.0,23.9,458.1,93507.0
83,Austin,Texas,22503.0,43209.0,56681.0,74119.0,107441.0,188821.0,781,25765,47973,60939,75623,122058,238196,0.4227998490293573,0.7872298528036233,1.240962273749159,2.0029537734455767,3.90876122023663,25.0,2.6,834.0,85.8,987.0,101.5,2186.0,224.9,4380.0,450.6,24542.0,2525.0,2079.0,213.9,76.0,7.8,298.9,166318.0
84,Dallas,Texas,22435.0,40818.0,51411.0,64347.0,105712.0,214436.0,788,19460,35645,45215,56869,99244,231636,0.4303881455269269,0.7883445759150725,1.2577463231228574,2.1949353090788457,5.122990158133363,167.0,12.5,831.0,62.1,4377.0,327.0,4994.0,373.1,9874.0,737.7,24847.0,1856.3,7913.0,591.2,351.0,26.2,420.5,192001.0
85,Denton,Texas,34540.0,61228.0,76678.0,95259.0,144214.0,250001.0,789,19641,38199,50487,63078,98804,166058,0.38903083962208096,0.756610612632955,1.249390932319211,1.957018638461386,3.289123932893616,1.0,0.7,120.0,87.7,94.0,68.7,201.0,146.9,426.0,311.3,2367.0,1729.8,298.0,217.8,0.0,0.0,230.0,215461.0
86,Houston,Texas,14125.0,25923.0,32434.0,42283.0,73128.0,117927.0,793,19556,36519,47010,60115,105106,227985,0.4159965964688364,0.7768347160178686,1.278770474367156,2.2358221654967028,4.849712827058073,269.0,11.5,1366.0,58.4,9773.0,418.0,14201.0,607.3,17108.0,731.7,67828.0,2900.8,11596.0,495.9,665.0,28.4,523.5,103802.0
87,Lubbock,Texas,20378.0,37291.0,46859.0,57782.0,94418.0,176787.0,799,19342,35840,45499,55361,91223,169319,0.4251082441372338,0.7877096199916481,1.2167520165278358,2.0049451636299698,3.721378491834985,6.0,2.4,177.0,70.0,471.0,186.2,2087.0,825.2,2678.0,1058.9,8933.0,3532.2,1050.0,415.2,47.0,18.6,530.3,156409.0
88,Midland,Texas,31777.0,57271.0,71424.0,90183.0,140348.0,250001.0,803,31727,57898,71500,89252,140353,250001,0.4437342657342657,0.8097622377622378,1.2482797202797202,1.962979020979021,3.4965174825174827,2.0,1.4,37.0,26.6,59.0,42.5,279.0,200.8,431.0,310.2,2026.0,1458.0,220.0,158.3,5.0,3.6,169.8,218224.0
89,Tyler,Texas,18601.0,35876.0,45427.0,59685.0,87626.0,146014.0,811,20111,35390,44507,55045,90351,192632,0.4518615049318085,0.7951558181859033,1.236771743770643,2.0300402183926125,4.328128159615342,6.0,5.7,65.0,61.3,60.0,56.5,333.0,313.8,446.0,420.3,2745.0,2586.8,146.0,137.6,4.0,3.8,283.9,127413.0
90,Tooele,Utah,33006.0,53991.0,64149.0,75351.0,108050.0,159938.0,836,30900,49886,56602,68541,97474,147117,0.5459171054026359,0.8813469488710646,1.2109289424401966,1.7220946256316032,2.599148439984453,0.0,0.0,40.0,117.3,20.0,58.6,51.0,149.5,180.0,527.7,931.0,2729.2,74.0,216.9,5.0,14.7,304.8,126932.0
91,Washington,Utah,25268.0,42681.0,52865.0,63025.0,94453.0,172290.0,837,24820,44425,54463,64159,92825,167578,0.4557222334428878,0.8156913868130657,1.1780291206874391,1.7043681031158768,3.0769146025742247,0.0,0.0,9.0,33.8,0.0,0.0,22.0,82.7,67.0,251.7,380.0,1427.6,21.0,78.9,2.0,7.5,124.6,147022.0
92,Rutland,Vermont,20659.0,39052.0,50029.0,61592.0,93325.0,158753.0,842,16516,31316,41502,51752,81692,157888,0.3979567249771096,0.754566045009879,1.2469760493470194,1.9683870656835816,3.804346778468508,1.0,6.5,9.0,58.2,8.0,51.7,67.0,433.3,99.0,640.3,402.0,2599.9,9.0,58.2,1.0,6.5,315.2,138094.0
93,Spokane,Washington,21291.0,39519.0,50550.0,62544.0,97062.0,169655.0,873,17723,33690,43274,53942,86698,157515,0.4095530803715857,0.7785275222997643,1.2465221611129085,2.0034662846050746,3.63994546378888,6.0,2.8,238.0,109.6,229.0,105.5,887.0,408.6,2221.0,1023.2,11739.0,5408.0,1737.0,800.2,50.0,23.0,558.6,148364.0
94,Yakima,Washington,21255.0,37240.0,45700.0,55568.0,85687.0,149213.0,877,18236,32729,40951,50048,80069,137824,0.44531269077678204,0.7992234621865156,1.2221435373983542,1.9552391882982099,3.365583258040097,13.0,13.8,70.0,74.2,150.0,158.9,360.0,381.5,901.0,954.7,2841.0,3010.3,564.0,597.6,15.0,15.9,445.9,127958.0
95,Kenosha,Wisconsin,23106.0,44621.0,56086.0,69685.0,105673.0,176997.0,886,20090,37519,49636,61255,95483,157192,0.40474655491981626,0.7558828269804174,1.2340841324844871,1.9236642759287612,3.166894995567733,5.0,5.0,61.0,61.2,116.0,116.4,219.0,219.7,337.0,338.1,1392.0,1396.6,76.0,76.3,5.0,5.0,223.5,153891.0
96,Manitowoc,Wisconsin,23429.0,40092.0,49613.0,61303.0,91974.0,143749.0,888,20388,34688,41628,51080,82208,129824,0.4897665033150764,0.8332852887479582,1.2270587104833286,1.9748246372633804,3.1186701258768137,0.0,0.0,8.0,24.4,14.0,42.7,78.0,237.7,164.0,499.8,719.0,2191.2,30.0,91.4,0.0,0.0,209.8,120320.0
97,Milwaukee,Wisconsin,17854.0,34923.0,45263.0,56854.0,91252.0,161124.0,894,14513,28774,36801,47286,76339,133718,0.3943642835792506,0.7818809271487188,1.284910736121301,2.074372978995136,3.6335425667780767,118.0,19.8,434.0,72.9,2919.0,490.4,6036.0,1014.2,5518.0,927.1,11548.0,1940.3,5503.0,924.6,313.0,52.6,664.4,143270.0
98,Racine,Wisconsin,24968.0,45825.0,56359.0,69665.0,105788.0,177369.0,900,17569,31973,41178,51988,79623,128800,0.4266598669192287,0.776458302977318,1.2625188207295155,1.9336296080431297,3.12788382145806,1.0,1.3,61.0,78.8,122.0,157.7,336.0,434.3,417.0,539.0,1216.0,1571.6,129.0,166.7,13.0,16.8,313.7,152401.0
99,Sheboygan,Wisconsin,25530.0,44551.0,54392.0,65670.0,98033.0,158466.0,901,20765,36022,44406,53293,77971,117944,0.4676169886952214,0.8111966851326398,1.2001306129802278,1.7558663243705803,2.6560374724136384,0.0,0.0,40.0,82.3,12.0,24.7,109.0,224.3,90.0,185.2,698.0,1436.4,33.0,67.9,12.0,24.7,194.0,132936.0
100,Waukesha,Wisconsin,35602.0,62879.0,78268.0,94725.0,139340.0,250001.0,904,25619,48492,59866,73655,110772,177554,0.4279390639093977,0.8100090201449904,1.230331072729095,1.8503324090468716,2.9658570808138176,0.0,0.0,43.0,59.3,25.0,34.5,51.0,70.3,126.0,173.6,845.0,1164.5,36.0,49.6,2.0,2.8,134.5,214399.0
101,Laramie,Wyoming,27610.0,49809.0,61201.0,75372.0,110704.0,170124.0,916,14168,28259,40240,50517,85241,149457,0.3520874751491054,0.7022614314115309,1.2553926441351888,2.1183151093439365,3.7141401590457255,0.0,0.0,12.0,36.8,3.0,9.2,15.0,46.0,64.0,196.1,365.0,1118.5,20.0,61.3,4.0,12.3,104.7,142514.0
102,Sheridan,Wyoming,23361.0,42779.0,53914.0,66578.0,102402.0,160840.0,921,20786,37456,48804,61526,95356,152329,0.4259077124825834,0.7674780755675764,1.2606753544791411,1.953856241291697,3.121240062289976,0.0,0.0,0.0,0.0,0.0,0.0,8.0,44.4,52.0,288.3,285.0,1580.2,20.0,110.9,2.0,11.1,101.1,137479.0
